{"cameraMode":{"drawMode":0,"name":"Shaded","section":"Shading Mode"},"sceneLighting":false,"audioPlay":false,"sceneViewState":{"m_AlwaysRefresh":false,"showFog":true,"showSkybox":true,"showFlares":true,"showImageEffects":true,"showParticleSystems":true,"showVisualEffectGraphs":true,"m_FxEnabled":true},"in2DMode":false,"pivot":{"x":0.1998097449541092,"y":1.6837254762649537,"z":-2.3605241775512697},"rotation":{"x":0.0009593067225068808,"y":0.9963710904121399,"z":-0.08420317620038986,"w":0.011360236443579197},"size":2.185258626937866,"orthographic":false}