{"cameraMode":{"drawMode":0,"name":"Shaded","section":"Shading Mode"},"sceneLighting":false,"audioPlay":false,"sceneViewState":{"m_AlwaysRefresh":false,"showFog":true,"showSkybox":true,"showFlares":true,"showImageEffects":true,"showParticleSystems":true,"showVisualEffectGraphs":true,"m_FxEnabled":true},"in2DMode":false,"pivot":{"x":3.875227212905884,"y":0.5691221356391907,"z":1.6019996404647828},"rotation":{"x":0.0033695087768137457,"y":0.5944446921348572,"z":0.0024904583115130665,"w":-0.8040976524353027},"size":2.043147087097168,"orthographic":false}