{"cameraMode":{"drawMode":0,"name":"Shaded","section":"Shading Mode"},"sceneLighting":true,"audioPlay":false,"sceneViewState":{"m_AlwaysRefresh":true,"showFog":true,"showSkybox":true,"showFlares":true,"showImageEffects":true,"showParticleSystems":true,"showVisualEffectGraphs":true,"m_FxEnabled":true},"in2DMode":false,"pivot":{"x":-1.713907241821289,"y":-1.654874324798584,"z":4.166713714599609},"rotation":{"x":0.21431541442871095,"y":-0.008790730498731137,"z":0.0019288973417133093,"w":0.9767218232154846},"size":5.9895758628845219,"orthographic":false}